rating,reviewer_id,date,review_title,review_body,category
5.0,Danielle,2025-09-27,Great product!,Great value great product. definitely recommend would buy,food
5.0,Antonio,2025-09-04,healthy food,healthy way cook,food
5.0,Geneva,2025-09-16,nan,nan,food
5.0,Rebecca,2025-10-17,"Oil fine, package THIN PLASTIC","vegetable oil, not worth spend name brand cost. say, manage make package THIN practically need put cardboard box like restaurants. thin not real careful NOT SQUEEZE air screw lid get tight, like vacuum bottle, super hard UNSCREW lid.",food
3.0,Melonie,2025-08-04,Missing items,not receive donuts earrings. submit request earrings already. order order last order pay not get delivered. Please either mail refund money.,food
3.0,anonymous,2025-01-26,Kinda crazy,Wish could bring back $1,food
1.0,Chiann,2025-06-07,Never get order,Never get not happy,food
1.0,Dominique,2025-08-26,nan,bottle open,food
1.0,anonymous,2025-01-06,Not happy,get order pic get,food
1.0,Jonaisha,2023-07-03,Use better judgment price item,Substituting vegetable oil 3 48oz bottle extremely bad judgment. 2 would perfect price 1 substitution. Not good call one.,food
5.0,ardawd123,2025-10-28,Great Value Vegetable Oil,"use great value oil many years. 48 still hear bad bodies. Possibly, undoubtedly, bad bodies? would still recommend still use tell otherwise not give food bad taste. Works like suppose",food
5.0,Trista,2025-11-02,nan,Great value good deal. Great value good buy. like use product not spend extra money usually equal buying. like use product not spend extra money usually equal get.,food
5.0,Michelle,2025-10-24,Vegetable oil,Love vegetable oil. good price fry chicken fish kind vegetable oil. good price money buy years no complaints 10 10 get chicken crispy buy chicken restaurant,food
3.0,Patty,2025-11-09,nan,actual oil fine. top bottle mash badly could hardly get lid shopper take shelf like give order online? associate load sit something heavy like case water drink top wish people work customer service care enough pay attention.,food
5.0,Carol,2025-11-14,nan,"Works well use many years. use everything recipe require oil. also use grease cake pan. Last week kitchen window stuck...although not make label use, oil track window would slide.",food
5.0,Connie,2025-11-21,nan,love cook. go grocery shopping. recently break foot family shop me.I temporarily work also.I independent. like put people way work. decide try impressed. already recommend others.,food
5.0,Joan,2025-12-10,nan,ALWAYS BUY GV VEGETABLE OIL. TIGHT BUDGET PRICING IMPORTANT STILL WANT QUALITY. CANT TELL DIFF EXPENSIVE BRANDS. SOMETIMES NEED GET SMALL BOTTLE DOLLAR GENERAL BUY EXPENSIVE GREAT PRODUCT!,food
5.0,Abigail,2025-11-16,nan,"Great Value Vegetable Oil, 48 fl oz, kitchen essential! Light, versatile, perfect frying, baking, sautéing. large 48 fl oz bottle provide great value last long time. Reliable quality affordable price—highly recommend!",food
4.0,Michaela,2025-11-18,"Pretty good, not always interchangeable","vegetable oil, pretty good, personally prefer olive oil. baking, several recipes require vegetable oil. try olive oil, difference way two oil behave recipes, not always interchangeable.",food
1.0,Nana,2026-01-29,nan,"get order yet. Originally yesterday afternoon. Got notice delay, okay fine roads still not good places. notice another delay, another delay put 6p.m., would dark temperatures drop reschedule today 10-12. morning prepare order. order delay past 2:30p.m. go deliver not say start. items order specifically storm coming, really need order. far know everything order, least last night.",food
5.0,Lisa,2026-01-31,easy affordable cook oil,like brand like price like use oil daily cook like oil mess flavor food. like easy open close cap plastic bottle every thing make life easier,food
2.0,Dee,2025-12-06,Make sure agents really explain everything,order large gallon-sized jug stock settle bottle bottle like cost gallon judgment get one even though charge two Plus call customer service agent give $5 coupon promo good online order anything certain amount who's go cost $5 ship pick not worth trouble go try use coupon promo no good two days later,food
5.0,Sara,2025-11-29,nan,"good expensive name brand %26 oil use. would great, though, could ""no-drip"" spout normally need small bite oil time %26 end wipe top paper towel use.",food
5.0,Tanya,2025-11-29,value,"oil. Unless use Olive Coconut even Lard, not much difference vegetable oils. Except price. Oil get outrageous!. Walmart best price oil pretty much everything. must add use shop Kroger. Walmart beat store price keep Quality.",food
5.0,Dezireno,2025-12-04,nan,time good chicken wing bad spoil something else. almost meat spoiled. scar order chicken wing $4.44 pack restaurant wing $4.44 Usually favorite meat spoil order include burgers white castle burgers,food
5.0,Shannon,2026-01-15,mean,Basic cook oil work anything require high smoke point oil cooking. taste change flavor foods. also use grease pan non-stick surface. Best use light color pan go oven.,food
5.0,Debbi,2026-01-03,Cabinet Staple.,"home chef 7 family members, cook lot food. no solid reason use brand-name vegetable oil Great Value brand vegetable oil perfectly fine. mild flavor, use fry type foods, make salad dressings, bake call oil, etc. please Great Value Vegetable Oil, Make switch!",food
5.0,Dena,2026-02-04,Vegetable oil less,"Vegetable oil great quality. texture consistency taste like brand name. excellent option us try cut back ridiculous brand-name, high-priced products. Walmart better brand, opinion. use vegetable oil bake brownies, cookies, specialty vegetable dish, come amazingly good. bother pay get great quality less.",food
5.0,Earl,2026-02-06,nan,oil performance level higher end Brands yet affordable price point everyday pantry Item stock use light enough even make Italian dress versus olive oil cost pinch pennies want oil go ways,food
5.0,David,2026-01-09,not oil create equal,"vegetable oil solid everyday staple. neutral flavor work well cooking, baking, fry without affect taste food. heat evenly perform reliably whether sautéing, deep frying, use recipes. bottle size convenient last pour easy control without make mess. price, quality consistent dependable. want straightforward, affordable cook oil exactly one great value.",food
1.0,Danette,2026-02-11,nan,"HATE STORE!. SINCE JAN 27TH 2026..I CANCEL REOTDER RIDICULOUSLY 3 4XS BCZ COMPETENT EMPLOYEES CUSTOMER SERVICE STIRE %233262! STIRE NEVER EVERCANSWERS PHONE MEAN NOT SINGLE DEPT! ENDED CALLING URE 800%23 10XS ORDERS BCZ ANSWERED PHONES. IM OXYGEN CUMBERSOME GO STORE CARRY ITEMS LET ALONE 2 CASES WATER U DONT HIRE STAFF HELP ANSWER PHONES, U GOING LOSE CUSTOMERS. IVE DECIDED SHOP ELSEWHERE. URE PRICES KEEP GOING PRICES HIGHER GROCERY STORES!. U R ACTIALLY PRICE GOUGING CUSTOMERS IM GOINGVTO REPORT COMPANY. IM PEOPLE!!!",food
5.0,Melody,2026-03-01,nan,"understand hoopla certain type unhealthy cook oils... commit healthier lifestyle (yeah, right!). stood, aisle, read every vegetable oil label... honestly, Great Value Vegetable Oil nearly brand 100% Veg. oil- healthiest kind. Healthiest affordable...",food
4.0,Ryan,2025-10-03,"Great Value Vegetable Oil, 48 fl oz","giant jug Great Value vegetable oil crucial component college experience, specifically deep-fry freeze chicken nuggets attempt make actual food first time. 48 fl oz size ensure panic-buy oil least month two, give priorities, minor miracle. Thanks, Walmart, provide necessary fuel inevitable culinary disasters.",food
5.0,Sherene,2025-09-23,nan,"love affordable product. easy use cooking. package durable safe, taste ok. burn first use. reuse least 2 times. always continue use buy cook family. thank great value. families appreciate",food
1.0,Chris,2025-09-24,nan,"vegetable oil run mill vegetable oil. affordable. Walmart cancel delivery order without warn without attempt reschedule cancel mine recently mean hold money 10 business days That's right. cancel order HOLD money. call bank. can't anything Walmart control transaction. not no groceries, $200 additional amount charge time, hold, unavailable ten business days. better use Amazon Doordash. bother, especially live Norfolk, VA use Tidewater Drive store. particularly bad",food
5.0,arnetta,2025-10-13,Great Quality Value Go-To Cooking Oil,"buy Great Value Vegetable Oil years, never disappoints. perfect everyday cooking—whether frying, baking, sautéing. oil neutral flavor overpower food, heat evenly. 48 fl oz size great deal price last good kitchen. bottle easy pour store. Overall, affordable, reliable staple home cook.",food
1.0,Laiila,2024-01-18,nan,1000% sure suppose sort safety self vegetable oil definitely discard waste money,food
1.0,Tranquilus,2025-10-18,Great Value Vegetable Oil review.,oil contribute rectal bleed may cause type bleed consume small amount two spoon daily basis.,food
4.0,wanda,2025-10-30,nan,use deep fried! actually better pan fry right! Seal whatever fry buttermilk flour! soak near much oil! Try,food
5.0,Anita,2025-11-05,nan,"like vegetable oil best unless make Italian food use olive oil. use Great Value brand always, think better brand. %26 think try",food
5.0,Dawn,2025-11-18,Great Value vegetable oil.,"vegetable oil work great name-brand products. cheaper heat well, smoke high heat, not leave oily taste foods. would recommend vegetable oil.",food
5.0,moneq,2026-02-16,"Great value, great choice",There's no difference national brand versus store brand price. use cook bake needs. never issue product.,food
5.0,Shari,2025-12-12,nan,"always careful order store brand verse name brand. bake lot, need products good name brand product. Great Value Vegetable Oil stand brand. vegetable oil use highly recommend",food
5.0,Gil,2025-12-15,nan,"use oils, Great Value brand exactly higher price brands. no doubt everyone buy brand try sure. not disappointed. Trust",food
5.0,Brenda,2025-11-06,nan,need print receipt online purchases. love associate deliver purchase directly door. older woman disability husband not help,food
5.0,mary,2025-10-19,Love Walmart!,no dislikes. convenient n price reasonable compare big stores. recommend Walmart shoppers look good deal n delivery respectful n prompt. 5 stars!,food
5.0,Amanda,2025-10-22,please delivery easy ordering:),really appreciate delivery options. make grocery shop breeze. delivery person bring apartment. (3rd floor) deserve best tips!,food
5.0,STEPHEN,2025-11-02,nan,"one things buy price. use olive oil things, still like vegetable oil fries, fry chicken. Dont use much, buy bargains.",food
5.0,Ennestine,2025-10-23,Vegetable Oil Great Product!!!,Walmart great store great Vegetable Oil great product!!! Vegetable oil cook crispy drip good use,food
1.0,Jeannette,2025-11-12,oil act really weird almost cause fire,know deal last batch oil bought. nightmare cook foam almost cause fire stove. absolute nightmare not buy vegetable oil,food
1.0,Michelle,2025-11-18,nan,ORDERED AFTERNOON SAID WOULD NO LATER 10PM DAY. FOLLOWING DAY NOON STILL RECEIVED REVIEW SOMETHING NEVER GOT?,food
2.0,Ulrike,2025-12-10,"short, not sweet","get pay ""thing"" say. items not leave Delivery person, item purchase personally.",food
5.0,Dayna,2025-12-08,nan,plastic bottle issue open older people. side become soft slip hand oily. taste good price great.,food
5.0,Marv,2025-12-12,nan,"buy vegetable oil terrible cook super unhealthy invent farm machine lubricated, also earwigs attract things make decent trap vegetable oil",food
5.0,Bliss,2026-02-04,nan,"oil looks, feel perform exactly expect would. use sweet breads, cookies, cornbread cake turn great. go continue use go ahead try",food
4.0,Mark,2026-02-24,Drip catch rim top.,find product useful many cook needs. small critique poring. would nice drip rim added.,food
5.0,Shannon,2026-02-28,Cooking oil.,Not something use daily basis. use daily really last couple months. One hundred percent recommend use.,food
5.0,Mary,2025-12-28,nan,sound not go place Walmart shop. love quality staffing. great place able find everything need go store store. Thank Walmart.,food
5.0,Julie,2025-12-28,Good basic oil,"Low bad stuff not suppose use. Made french fry hash brown fine, Container sturdy. Pretty easy pour little thats ya need.",food
3.0,Debbi,2026-01-02,Watch fat content good oil,would not recommend Diabetic better not use time. watch oli saturate fat. oil okay need something quick fix fry.,food
5.0,Tanya,2026-01-01,nan,"Great Value vegetable oil great use cook bake needs, things pricey lately, nice cost effective options quality brands.",food
1.0,Helen,2026-01-12,Unorded item.,not order item (oil) try look order review cannot bring return item? not use item. use Crisco. will wait next order get credit.,food
5.0,patrick,2026-01-05,nan,handicap unable drive Walmart groceries needs. Walmart one place would shop personal need life. Thank Walmart everyone employees.,food
4.0,LMME,2026-01-14,COOKING OIL,cook oil comparable name brand oil price little cheaper. light Crisco oil since shoestring budget: choose save wherever,food
5.0,Lori,2025-10-21,Great oil great price,use Great Value Vegetable Oil bake frying. see no difference quality taste expensive name brands. think price make best option vegetable oil.,food
5.0,Ruby,2026-02-09,Great Value vegetable oil,"Great Value cook oil great fry baking. light taste. Serves purpose expensive brands, lower price.",food
5.0,Dana,2026-02-09,good product,"Great Value basic bake pantry staple good quality, affordable great way keep items need baking, cook meals always hand. quality consistent make loyal purchaser.",food
5.0,anonymous,2026-01-18,Vegetable Cooking Oil,"Vegetable Cooking Oil. Not much else say, work advertised. Light cook oil opinion give food flavor kinda thing like",food
5.0,Jennifer,2026-02-05,Good Stuff!,"Good quality oil size work use quite bite oil baking, oil great hand please Highly recommend!",food
5.0,Shellabzy,2026-02-05,Good affordable cook oil,use buy another cornnoul brand keep raise price. give Walmart's Great Value oil try never look back. Great cook oil fraction usual price.,food
5.0,,2026-02-06,nan,"oil super light leave taste. good use frying, make salad dressings thing use vegetable oil Great price",food
5.0,Anonymous,2026-01-24,"Good many recipes, recommend",use vegetable oil fry meat also cook good tasty cakes. highly suggest product since cheap really valuable good quality,food
5.0,Susan,2026-01-27,good oil price. Better Crisco,use oil make doughnuts!! turn great!! no residual oil taste awesome! would recommend oil!! think better Crisco,food
5.0,Lisa,2026-02-11,nan,buy brand vegetable oil many years. great value price. always taste fresh. No reason spend oil great expensive brand.,food
5.0,Mary,2026-03-03,nan,refresh know still find pantry staple Walmart pice still affordable available change go food days! Good job Walmart!,food
5.0,Barbara,2025-10-31,Good cook oil,"Great Value Cooking Oil delicious recipes require deep frying. affect taste food. wonderful fry chicken, pork chops, sea food. price value good.",food
4.0,William,2026-03-04,Decent oil cheap price.,"Probably not health food decent enough cooking. need large volume oil deep fry definitely trick. Decent, basic oil cheap price.",food
4.0,Luciana,2025-07-31,Versatile every day use,"look highly affordable, neutral‑flavored cook oil everyday fry baking, Great Value Vegetable Oil 48 fl oz solid pick. perform reliably offer excellent bang buck. However, seek healthier—or flavor‑sensitive—option, consider swap avocado olive oil cold use canola/sunflower lighter nutritional profile.",food
5.0,Paul,2025-07-31,nan,"Great Value brand cooking/salad oil go brand need good vegetable oil. economical.And quality excellent! shop around lot go difficult time try beat Walmart prices. Plus,this oil soybean oil definitely problem soybeans.Thank Walmart!",food
5.0,Nekondeh,2025-08-01,Give Justin raise! ASAP,Justin wonderful customer service driven. timely efficient. use pickup since first begin 6 years ago. pickup people generally wonderful. need figure keep good employees. Justin best.,food
5.0,Rachel,2025-08-23,Name brand not make anything better!,use buy name brand products recently groceries overprice buy store brand. come conclusion buy certain name make better. Great value veg oil good others lower price.,food
5.0,Verna,2025-08-22,nan,"want review item individual thing buy overall, completely satisfy everything purchase delivered, completely satisfy deliver order things deliver Thank much Mrs. Sanders",food
1.0,Roseann,2025-09-07,nan,disappoint order alot website food seem something always miss item Yes things happen understand food order September 7th need vegetable use day upset product order that's order end nothing transportation go get different store otherwise would,food
4.0,Judy,2025-07-31,date bread.,"bread send best buy date July 30 yesterday 31st pick think pick loaves bread even milk, look Best Buy date pick furthest date. never problems milk, bread yesterday probably not gonna last long go bad.",food
5.0,Tim,2025-08-10,oil try,"Grandfather 15 grandkids take lot cook oil think oil best buy money need less cook pan add mix dose well mix kind cake mix food ,cook fryers pot dept fryer no bad taste price well lowest price others try use cook even hand ay end day .thank ask think product Tim Caudill",food
4.0,Sandra,2024-01-24,Cooking oil,Not favorite oil fry fish well,food
1.0,Magdalah,2024-04-06,thats misarablae,next time give exactly want,food
1.0,Carmon,2023-04-02,nan,Vegetable oil open leaking.,food
3.0,Lupe,2024-11-02,Missing order,"order 2 bottls GV vegetable ou,but recieved one charge cc 2 bottle",food
5.0,Walmart customer,2024-05-07,Oil...Oil,oil... oil May fry bake buy expensive oil?,food
1.0,K,2023-09-21,Vegetable oil,Looked like vegetable oil drop,food
5.0,Linda,2025-10-14,nan,Always fresh last days always fresh last days like freeze defrost flavorful first buy like freeze defrost flavorful first buy,food
4.0,Bhargavi,2025-09-27,nan,flexible cap. whenever use oil leak drop come top bottom bottle. bottle become muddy sticky. please take issue seriously,food
5.0,Molly,2025-09-30,nan,always buy oil. start price continue no oily flavor (unless want food come right every time.,food
5.0,CD,2025-09-17,Quality Price Great,quality price great fry chicken fry always come crunchy outside tender inside. Best buy watch dollars,food
5.0,mrblueu,2014-11-05,Bottle Design Fail,"would still recommend product newly design bottle big fail, thin plastic smashes, mashes, dent inward easily. order couple altho mash dented, fortunately no spillage. go gallon size.....bottle design fail, mash dent not even sure go pour since top squish inward. product within bottle good vegetable oil. new bottle design leave much desired.",food
5.0,Neil,2025-05-30,Ideal cook oil.,"GV cook oil diesn't add 'extra' flavor whatever cook, ideal finicky palates. use neesd add oil coat skillet, add mix call oil. also fairly high temperature tolerance, smoke, discolor skillets, pans. Highly recommend.",food
5.0,Melba,2025-05-28,nan,buy great value products lot budget friendly good name brand vegetable oil taste no different name brand make food taste good use time. highly recommend recommended.,food
5.0,Thomas,2025-07-11,Nothing taste better cook oil,slight difference taste premium King Oil Cooking Such...Calvin Crisco!!! value thru roof bottle add cup half free price $2 King. not surprised! advised!,food
1.0,Gregory,2025-05-20,Bottle way thin flimsy,"oil fine bottle flimsy. nothing aggravate grab bottle liquid bottle flimsy liquid squirt top make huge mess. last thing need try cook. would better bag oil instead thin, flimsy, collapse bottle. least way would expect collapse slightest touch.",food
5.0,Ella,2022-07-08,Really good oil,Really good oil. switch Great value brand. buy items GV brand. not price (sometimes price quality always top notch. Italian sausages better Premio. pay GV sausages anytime.,food
5.0,Naomi,2025-05-26,vegetable oil,"vegetable oil. say? great vegetables. perfect cake get think work car good get car. another note vegetable oil use lot things. Adding water pasta, put rise dough, hand knead dough, put meat kind help hold spice little oil pan also help keep stick crisp meat time. vegetable oil goes, one works.",food
5.0,Sandy,2026-02-19,Must bake needs.,"use bread making, cake bake cookies, no complaints, everything good blance moisture.",food
5.0,Rita,2026-02-20,nan,"good oil cooking, fry baking. work well bake needs. Good frying, make French fry crispy.",food
5.0,Sheryl,2026-02-21,nan,buy years. work everything call vegetable canola oil.,food
5.0,Michael,2025-12-14,good price %26 good quality product,"oil.., good name brand vegetable oil, fry stuff cook bake",food
5.0,RN2tired,2025-11-01,good!,vegetable oil great fry good name brand much cheaper. choose great value oil others.,food
5.0,Leslie,2025-11-03,nan,"oil gods sake. really matter make vegetable oil? want taste, go buy flavor oil like olive oil.",food
5.0,Theqjb,2025-10-16,Great Value Vegetable Oil,Good alternative brand without inflate price. High smoke point. overall better option mg budget.,food
4.0,Cynthia,2025-10-27,Ok value,Sorry not much fan oil. seem like take longer cook foods brands.,food
5.0,Maryhelen,2025-11-02,"Good product, good value","really can't remember use another vegetable oil, cook years. bake fry good price",food
5.0,Jeff,2025-10-15,work,cheap fry oil tendency burn lower expect temperatures. expect use cheap oil.,food
5.0,Cillo,2025-11-02,nan,price especially budget great product! order use product time!,food
5.0,Ashley,2025-11-01,nan,"vegetable oil... work like need vegetable oil budget, grab Great Value Vegetable Oil.",food
5.0,Susan,2025-11-10,nan,work great French fries! Family love way fry taste fry occasional treat!) rather air fry baked.,food
1.0,SuckIt,2025-11-12,nan,get get refund Walmart worst work ethic customer service. liars thieves. SHOP KROGERS!!!,food
5.0,Narendra,2025-11-14,nan,LI would highly recommend customers Edible good health. No irritate strong smell.,food
5.0,Jewel,2025-11-14,nan,Definitely another win ongoing increase prices! Performance flavor definitely point.... thank,food
5.0,DELORES,2025-11-16,nan,get big bottle cook oil decide go small bottle oil less space cabinet,food
5.0,Ellen,2025-11-15,Good,"oil go-to versatility flavor. use baking, frying, griddle,",food
5.0,Betty,2025-11-23,nan,buy price complaints good pricier brand name,food
5.0,Hester,2025-11-22,nan,trust Walmart Great Value label present good quality food products lower price deliver.,food
5.0,David,2025-12-28,nan,great go oil needs. especially like potatoes caramelize onions.,food
5.0,Joannaisha,2025-12-25,Walmart brand excellent,"purchase oil use, find work perfect needs, no reason pay extra name brand",food
4.0,Esther,2025-12-25,nan,cook oil product store. neutral flavor use bake frying.,food
5.0,Rebecca,2025-12-29,Great Value good Name Brands.,use lot bake poppyseed bread! Everyone love bread. great vegetable oil - good Name Brands.,food
5.0,Pamela,2026-01-02,nan,use lot oil cook also reuse oil without bad taste taste burn,food
5.0,Doris,2026-01-06,Great,Can't afford olive oil. one never know really olive oil. price way buy,food
5.0,Anna,2026-01-07,Love food mainly chicken,"Love oil try keep much oil system, though child lovely teens try nice jeans, try cut oil bake",food
5.0,Catherine,2026-01-06,nan,work fine cut grocery cost one way not tell difference taste.,food
5.0,Debbie,2026-01-08,Healthy egg,egg good usually like 24 egg pack not available settle 12 pack! good value!,food
5.0,Caitlin,2026-01-07,Great Product,Good product. use make Latkes holiday taste great. buy,food
4.0,Artisha,2026-02-21,nan,like great price. dislike get black 1 use. use fudgy brownies.and dry fast,food
3.0,Teresa,2026-02-01,nan,"oil okay. small bottle hard sheriff's plastic flimsy sqeezed durjng opening, oil everywhere!",food
4.0,Tami,2026-02-02,nan,Wanted Cisco brand shopper say Walmart doubt Walmart not need oil,food
5.0,Edilsa,2026-02-09,nan,oil use fry leave oily taste. start use bake also work great.,food
5.0,Dolores,2026-02-07,nan,good taste like flavor wise rich price good always go recommend 100%,food
5.0,AuntieFaith,2026-02-10,good name brands.,use Great value oil bake fewtimes fry something. oil light power taste food.,food
5.0,Steve,2025-05-04,Great watch Eagles destroy Chiefs,buy could experience amaze playoff run 2024-2025 Philadelphia Eagles. Go Birds. use centerpiece outdoor party tent watch Eagles completly destroy KC Chiefs. beautiful. watch superbowl 37 time last 3 months.It best day life. projector well worth money.,electronics
5.0,Christina,2024-04-27,Grandpa love nice projector,Nice projector. grandpa birthday gift. happy purchase. love stay home watch movie. Friendly user. Easy use set TV either use wifi bluetooth. another like love go camp bring lightweighted small. picture quality good TV. Thank much product arrive time able give weekend bday party.,electronics
5.0,Krista,2024-12-16,Excellent picture!!,cool! get kid Christmas get stick “Checking out/setting still watch kid come school. dial make clear..even projector screen look clear. buy kid one keep one downside can't download Disney connect Xbox want.,electronics
5.0,Michelle,2024-11-26,Amazing portable projector,buy around $50 Black Friday. want affordable beginner-friendly projector project bedroom ceiling take outside deck company try take outside project perfectly onto ceiling. Bluetooth capable use Shokz headphones sound. audio decent prefer connect another device sound better.,electronics
4.0,Natalie,2025-04-14,"Good image, works!","Really surprise quality image price size. Sound quality not amaze mean bad, normal since design share video, app work fine, image although not perfect good enough see colors, main concern buying, remind quality cheap tvs begin 2000s lol, good enough extra secondary tv need case.",electronics
4.0,anonymous,2025-07-12,Impressed,Good projector price. would recommend still use firestick roku applications software projector little glitchy. definitely worth money though.,electronics
3.0,Paul,2025-05-28,Meh suckered review not,Bought base article pop Said 400$ projector practically free (lots lately) bit. figure 58 buck lose? Well airplay stream tube tv play “files” dim almost like bad drive basic android tv functionality not much simple yet kinda worthless not really worth Ez operate focus that's worth. Unless totally dark room best option something else.,electronics
3.0,Argenis,2025-01-31,get pay,make purchase base review clearly not worth $400. worth paid. picture quality okay Keystone feature work well soon adjust auto focus within milliseconds. no brightness control time scenes watch look dark. get 120 able adjust manual focus give clear picture things get blurry. recommend use audio no good. Bluetooth speaker trick. give context cell phone may sound better movie. Android Play store good Apps %26 game Netflix cert.,electronics
2.0,Sharon,2025-01-30,Going return,"Two star WiFi, Bluetooth, high resolution. product not compatible AirPlay. reach company tell use cable… Another thing project black spot. Definitely something wrong",electronics
1.0,anonymous,2025-03-18,Quality issue Not 4K,Money time wast.. support 4K.. corner blur might get headache watch movies inconsistent quality picture.. Auto correct another issue.. manually correct keystone make square.. HD project 1.5 feet width.. blur go bigger screen size.. Projectors use many years plz spend little get good one.,electronics
2.0,Cindi,2025-10-25,nan,not long picture go,electronics
3.0,Jason,2025-05-06,Not 4k,Picture look good thing think gonna 4k not main reason buy,electronics
5.0,Luisa,2025-02-09,Worth money,"Worth money spent. connect Apple TV work perfectly. issue unplug turn back sound work. overall, product pretty good.",electronics
1.0,Elfonsey,2024-12-05,False advertise,not item order evidence see attach pictures. recieved order pictured. would like item order money back. Makes no difference!!,electronics
4.0,Christina,2025-02-12,Can't scroll Netflix easily,"really like things like: not able scroll Netflix easily-you use mouse button, fact not chargeable-it plug work.",electronics
5.0,Becky1968,2025-08-31,Good pic,Great pic easy use love Pic back neighbor wood fence fire go,electronics
1.0,Luis,2025-04-06,nan,scammed send bed sore lotion please buy.,electronics
5.0,Aaliyah,2025-09-29,nan,projector absolutely amazing. surprise price. sound good picture quality super clear.just plug connect WiFi worksss good come HDMI hook computer anything else!.,electronics
5.0,Angel,2024-04-23,worth buy,"Small size, big effect! Plug play, see comment try buy mentality, not expect clear, no difference TV, convenient TV, not hang wall, put wall big screen TV, also cast ceiling, achieve lie enjoy program, hundreds dollars see Drawing curtain day also clear, slightly less night, overall, cost performance high, real comments, buyers behind real reference!",electronics
5.0,Bishal,2024-05-02,Good Small Projector!,"Projector arrive time good packaging. Projector light weight, compact, portable. like visual resolution high definition - clear clarity visuals. Projector connect Internet use WiFi speakers use Bluetooth. like sound speaker connect use Bluetooth. good small projector!",electronics
5.0,Min,2024-05-08,good product,buy projector family room quality amazing. Everyone love projector. easy use not much clean movie night doughter's birthday freinds ask products afterwards. downside audio little lower use bluetooth speaker fine. Overall family love lot,electronics
5.0,NS,2024-05-01,Nice projector high picture quality,really like product. Compact nice design easy move install. like pixels quality projector. really help baby calm also enjoy watch movies projector. connect WiFi enjoy Netflix YouTube convenient. move room anywhere without issues. far happy purchase,electronics
5.0,SS,2024-05-04,Smart compact Projector 4K,"smart compact 4k projector. like especially price range. work well actually beyond expectations price. think would not work wifi watch Prime, Netflix, YouTube need not stick TV time. move room want watch anything easy set worth buying.",electronics
5.0,Calvin,2024-06-19,Good compact projector,"get Mini Projector Smart Movie Projection recently, awesome. Super easy set use, picture quality pretty impressive small device. lightweight portable, move around house even use outdoor movie night. One cool thing try project onto ceiling lie bed—such fun experience! Check photo. built-in speakers decent. Overall, great little projector price.",electronics
5.0,Nikita,2024-05-06,Simply great projector worth buy,simply amaze product well performs. like product easy install. take 5 minutes open operating. work wifi price affordable. enjoy watch show projector. Easy move setup room also carry want trip.,electronics
5.0,Jona,2024-04-27,Surprisingly good projector,"take almost no time set simple small portable. test floor verify important stuff worked, take mount base screw ceiling single screw washer. instal work great. surprise quality image, clear. auto-keystone function straighten image instantly. WiFi, Android OS remote controller, fine standalone entertainment projector. not try casting, nor USB HDMI functions, stream fast smooth. minor complaint brightness image. definitely not bright enough use well light room, work well dim room great dark. Sound quality good, not loud, crystal clear. Besides, that's Bluetooth Overall, good, easy use projector",electronics
3.0,Asia,2025-03-16,absolutely love disappoint,love much absolutely amaze problem iPhone unable connect phone option available Miracast android spend $20 buy Miracast phone app free service not) able mirror phone big part order disappointed. also saw sell cheaper TikTok screenplay option iPhone. like say love serve purpose definitely buy tvs anymore product great hurt not able connect phone,electronics
1.0,Juan,2024-05-30,Bait switch,"try purchase projector list instead get different one, probably inferior features.",electronics
2.0,Stephen,2024-10-31,could better,"Picture quality good, auto adjust work well, can't get apps work YouTube without add chromcast roku.",electronics
5.0,Bedy,2024-09-27,Life saver,"Pocket Projector, nice image, good resolution, nice Screen view size. use seal girlfriend watch TV. 1080p, 60Hz, Good Gaming 4K, 30Hz, Decent Gaming 1080p, 60Hz, Good Video Streaming 4K, 30Hz, Decent Video Streaming",electronics
5.0,Sid,2024-06-15,Smart Great quality!!,honestly super surprise quality projector. Apps like Netflix YouTube already come installed. also cast phone directly projector. Love quality. Totally worth price.,electronics
5.0,Anna,2024-04-24,compact portable projector,"light small projector, relatively clear even daytime. think use not home, also camping.The built-in app also fast open.",electronics
5.0,Rachel,2024-10-23,"Well worth, happy find sale!","Amazing! Easy set hook Wi-Fi picture crisp clear, sound good. add sound bar better sound farther away unit.",electronics
5.0,James,2025-10-30,nan,"buy camping, watch scary movies outdoors! absolutely love Small ,portable, convenient! simple plug n play smart projector! HDMI, Bluetooth, smart apps preloaded Perfect. Hi Def picture amaze sound little projector. tho Bluetooth external speaker movies outside! Perfect around!",electronics
5.0,Carlos,2025-10-31,nan,impress little portable projector. easy use. small speaker inside Bluetooth speaker make sound better. Easily sync smartphone. apps already install apps. portable can't wait take beach camp even use balcony.,electronics
4.0,Jane,2025-11-20,nan,"Works great Bluetooth Ipad, Android phone, wifi stream service. would better resolution color intensity good screen. find wall ceiling quite good. artist project image canvas sketch, wonderful, great value. heat 30 minutes use. happy",electronics
2.0,Freddie,2025-11-16,really worth $41?,"Alright, neat gadget. like starry sky provide honestly believe thing would ever real tell $400.. not buy worth $41? No,, think sell retail $41 able get 25 bargain.. think inflate retail value impress upon make good deal think misleading.",electronics
1.0,Julie,2026-01-07,nan,Finally get projector setup turn discover lens dirty inside. Dirt spot show middle screen everything try watch make us miss fine detail. Like watch bad vhs tape. that's not bad enough projector constantly shut random moments throughout movie. Tech support recommend unplug projector fix problem. not correct problem.,electronics
2.0,Robert,2025-11-30,"Deceptive Marketing, 40$ product.","40$ projector, not 300$ projector drastically reduced. Shameful marketing. worth paid. hope Walmart aware use deceptive market practices. want return lie not feel rip",electronics
5.0,Dee,2025-12-28,Great little projector,"purchase projector see version social media. honestly blow away picture quality. build Android system, also use Google stick Roku device. find easier use add device's remote control, that's personal preference. sound quality could better, use earbuds meet expectations pair Bluetooth speaker better volume. great little projector price extremely convenient.",electronics
1.0,Gysbert,2025-12-27,Total crap,piece dung cheap Pakistan product Walmart try sell us. not buy picture quality low. struggle connect Wi-Fi. struggle clear picture. no proper focus not stay connect Wi-Fi Bluetooth phone.,electronics
1.0,FalselyAccurate,2025-11-25,website list model anywhere.,"product receive model no. X1BQ register warranty get help, model X1BQ not list anywhere website. know file videos watch download. several model look exactly also, 9 starry light videos built-in not run smoothly, jerky.",electronics
1.0,Jacob,2025-11-21,"youre want quality projector, look elsewhere.","QC must miss one. several small object interior lens appear kind oil grease, leave nice smudge corner. busy guy. not worth time return one step E-waste since technically operational.",electronics
4.0,sodafinder,2025-11-25,Great picture sound could issue,"projector picture great, sound bad, cannot output sound except bluetooth, disconcerting. Thankfully stereo system process HDMI run content output HDMI projector HDMI input.",electronics
1.0,Timothy,2025-11-27,nan,"mislead original price Walmart say originally $399 white one $299 black one reality originally $99 put sale say consumer save actually everyone already know literally anything buy Walmart inferior original product Walmart ""roll back"" price blatant lie unacceptable. happily purchase higher price one return one know ill actually get im pay not mislead.",electronics
5.0,Jaime,2025-11-26,nan,like alot compact portable apps include ones normally use.connectivity players dvd blurry game station project ceiling rest bed neck nerve tire neck back discomfort damage.,electronics
1.0,Astrid,2025-11-21,nan,"product arrive Thursday. open box, turn complete setup follow instructions. shut unplug notice device unusually hot. hour later, try use fail load options menu display content. simply start properly. malfunction, request refund.",electronics
5.0,miranda,2026-01-01,nan,perfect item outdoor movie nights. move use closet entertain daughter move furniture house. super easy use overall great purchase. Can't wait summer fire pit season entertain kid,electronics
3.0,Danny,2025-11-24,nan,"love price compact ease use. find operate hoe limit place tirned heat produce like blow dryer screen level function easy navigaye picturr quslity wasnt clear hoped. read double read instructions. gibmve 3 stars, heat blow scary safetyhazzars. thays think experience.",electronics
4.0,Walmart customer,2025-11-01,"Good price, limits.","NOT 1080 advertised. native resolution unit 720. mean element within projector create display 1280 x 720. support 1080, mean put 1080 video scale no internal battery. must plug include adapter. Actual power connector unit weird 4 pin port, 3 prong electrical plug. Back panel single full size HDMI port, USB-A port connections. USB drive connected, HDMI cable inserted, unit base not able rotate completely, hit USB drive cable. underside base include 1/4"" mount thread mount tripod. Focus ring work well produce sharp image. Menus straight forward, clean looking. Shortest distance able get focus 40"". unit light weight easy use. buy Halloween projection mapping, work fine. want watch movies camping, need external power source, like solar generator. believe power USB, test turn press hold power button back end 3 seconds. Sound bad, not great. Internal fan kinda loud drown soft quiet movies. NO external audio port. connect Bluetooth speakers volume control affect Bluetooth level. delay audio. audio half second behind video. Lip sync noticeably connection lost, unit revert back internal speaker, 5-10 seconds. Extra bonus, come think 7 different) star galaxy projections shine ceiling, however, frame rate poor videos. Playback star videos) choppy. Video playback external content smooth. take 1 star advertise 1080, not.",electronics
4.0,Michael,2025-11-12,Christmas gift Drive - HOME Backyard,"buy gift Christmas. look like nice projector. want open Christmas gift. money look like great deal. also buy portable screen sound bar. like movie night, every Saturday night. know kid love size..... look like Drive -IN",electronics
4.0,Jason,2025-12-15,nan,Works exceptionally well price feature something spend hundreds dollars even thousand thing feature good sure good others need something inexpensive that's get good quality multiple feature,electronics
5.0,Kim,2025-12-25,Works well,son move apartment right Christmas. know like TV bedroom figure would want one live room well. much cheaper solution love project right fireplace TV mount picture great. really surprise well perform extremely happy,electronics
1.0,Lhohio,2025-12-26,nan,fraud! order return code send refund recharge contest card Co lie n say order 2 return one. despite provide proof send one still help can't get anyone figure ot scammed note even purchase item. order middle night n no one else,electronics
4.0,Riley,2026-01-05,good slight issue,alright not best one need use Xbox picture good change picture settings settings extreme like brightness get way bright even put couple notch change sharpness (barely) look like things outline sharpie remote work well make lot noise volume low even way might need Bluetooth speaker,electronics
2.0,Keren,2026-01-05,ok price sale,"picture not great look really pixelated even adjust settings, not bright. Bluetooth work fine. Also seem work HDMI, work include HDMI reason, include one plus.",electronics
3.0,Michael,2025-11-27,"cheap. works, not ideal solution.","light dim. almost completely black room get good picture quality. image far cry HD. blurry pixelated. setup usage super easy, that's up-side pay $49 since sale, price, guess get pay would not recommend hindsight, might better $100-$200 range get higher-quality projector.",electronics
4.0,andrea,2025-11-01,nan,"dislike remote really cheaply made, work properly, buy replacement. still box would've return ask new one. keep mind remote projector awesome hook onn box fire stick roku work flawless, mirror phone pretty cool recommend",electronics
5.0,John,2025-11-03,nan,"amaze little projector. low price skeptical, figure worth risk. Well, surprised. unit easily rival much costly projector Setup super easy, picture surprisingly good, absolutely no lag time",electronics
3.0,Andrew,2025-11-18,100% Honest review,"good thing projector easy set plug play, said, would not recommend anyone's main view device house hold. make Flimsy plastic weigh less soda. power cable 3 feet long really work plug back device limit room rotate stand operate system device run look really sketchy, like say google play store, would rather use firestick risk get account hack log device. manage buy sale $40 honestly not even worth much, want something that's portable mabe want use fun gimmick kid room, would better, see last year.",electronics
3.0,Jaime,2025-11-25,Slightly disappoint,"projector compact easy set quality picture not good. room need pitch black brightness level poor. think able use outdoors unless dark. projector may good fit holiday decor use project image holiday image windows, movie use.. not great. Might better pay bite better quality projector.",electronics
5.0,Aly,2025-11-30,love,"love much. favorite thing ordered. giant TV roof bed. video quality great. call mom show like ' want one'. dad come home saw guess said, ' want one' 🤣🤣Get",electronics
3.0,Walmart customer,2025-12-24,good price. not picky.,dark room projector look good. brightness enough watch outside twilight day. build speakers work pinch. Audio image sync connect bluetooth speaker price good product use dark room ok lip audio sync.,electronics
5.0,Katherine,2025-12-22,nan,"admit expect work well impressed. Definitely get money's worth. Bluetooth connection quick, connect WiFi easily, auto adjust work well. make sure room use good dark, pretty much plug play, easy enough set",electronics
3.0,Maurice,2025-12-22,"decent short bursts, not long term use","Plus - auto adjust great, decent brightness good background, access Google store negative) get access, screen mirror finicky could not get stay focus work full phone, Minus - yet see last 1.5 hours, no action game delay no good, hour start stutter 30 minutes later freeze need unplugged, remote cheaply made, not often audio delay",electronics
5.0,Abhijeet,2025-12-05,Amazing little inexpensive projector,"Native interface little clunky overall capabilities price point phenomenal. Connected Apple TV, great experience. Easily switch Air Pods external Bluetooth speaker. Built speaker not great adequate use mobile projector. Great camp students may not room large screen",electronics
4.0,Heidi,2026-02-05,nan,hard get want head not move smoothly. super loud!!! remote tedious type username passwords. def not user friendly. picture quality good. hard hear noise emit unit. buy make wall window medieval castle work perfectly also figure portable/rechargeable. plug night would not stay unplugged. maybe hopefully figure eventually.,electronics
3.0,Day,2025-09-29,"Picture Good, WiFi Works, Bluetooth",picture great quality advertise reason Bluetooth connect phone speakers better surround sound. build speaker work loud connect WiFi hotspots no problem stream recommend view time 2 hours without 20 min rest due overheating. overheat. Overall not bad price crazy mark,electronics
1.0,Chad,2025-10-01,Stops work months,"Absolutely love projector first, months since purchase completely stop working. None apps load no shows/movies load. say need update say newest version work model.",electronics
5.0,KBeau,2025-10-09,Great Value,"grands love project show wall ceiling. travel use hotel, visit family, RV. price, would say 5 star little costs, no worry something happen use time. fun way get chill relax.",electronics
3.0,Greg,2025-09-15,Not Great,not good overall picture not bright enough no brightness adjustment Picture ok not great worst part projector sound absolutely horrible unless Bluetooth speaker connect return one upgrade,electronics
5.0,Hansel,2024-05-12,nan,"Ability cast screen angle. like able adjust volume output device, there's no problem",electronics
2.0,Rosa,2024-07-13,speaker volume not loud enough.,"speaker volume not loud enough. use backyard movie night. recommend use outdoors, better volume indoors.",electronics
4.0,Adriana,2024-10-21,nan,love Picture clear%26 sound good well. Not big fan remote manages.,electronics
4.0,RiceJM,2025-11-07,Nice projector,"little projector pretty good picture. set watch bed. look projector, one good picture.",electronics
5.0,Audrey,2026-02-10,like,"good quality, durable. need use external speaker watch movies friends, overall good. small easily transportable. good imaging.",electronics
5.0,Kelly,2025-12-03,nan,work fine. need box go connect apps volume low need bluetooth speaker ake lounder. get things go great.,electronics
2.0,Clarence,2025-12-04,nan,"Weak image poor resolution. One get one pay Probably ok child. positive side, easy use flexible rotate reposition image.",electronics
2.0,Shannon,2025-12-05,Works like suppose,work great look kind screen. do look screen eye feel strain kinda girly look mind help eye that's matter,electronics
4.0,Brian,2025-12-01,nan,picture fantastic affordable. wish sound better quality. way adjust picture size move entire projector. tjats not practicle.,electronics
2.0,Yesenia,2025-12-03,waste money.,Poor quality made. Sound need improvement. need use devices able hear sound. Not recommended. Product cost less base quality.,electronics
5.0,Jessica,2025-12-02,nan,hard connect phone finely get thing would suggest make space higher better movement plug,electronics
3.0,anup,2025-11-27,nan,price point: good. dont white screen difficult tell true quality HD vides. Overall pretty easy use come additional HDMI.,electronics
4.0,Nicole,2026-01-05,Great picture %26 sound,Really great price. thing wish different would wish could download apps onto projector. ones download work great. family really enjoy product.,electronics
4.0,Jaclyn,2025-11-10,Love need better speakers,"absolutely love thing. recommend people, however, need louder speakers. buy portable speaker hop solve issue 100% keep bad boy.",electronics
5.0,BuddyL,2025-11-19,nan,cheap introduction devices could evaluate figure feature really need. Next purchase display options directional capability.,electronics
1.0,Biggie,2025-12-21,not work consistently,"work one five time take major event anyway. hour try get work, not work important party. do Thing",electronics
1.0,viv,2026-01-02,nan,"Not like pictured, refund also not provide refund. Even Walmart support team not take anything seriously. support team try end chat without resolution.",electronics
1.0,Blane,2025-12-25,nan,not receive item yet October 13th order Walmart not right go January still not receive projector yet,electronics
2.0,Tanya,2025-12-24,nan,volume low even way remote work want want let apps download like freeze stop everything restart. not good quality product buy,electronics
5.0,Debby,2025-12-22,Awesome Little Projector Money!,"Good value money! small compact work really well dark room, would not recommend use bright setting. Also would recommend get Bluetooth speaker give realistic sound production.",electronics
1.0,Catarino,2025-12-26,nan,buy item come twice would not work afterwards. come work great. company send fully function device gladly change review,electronics
5.0,jeff,2025-12-08,nan,cost thrill device. ton connectivity options super easy operate. wish buy two great item.. work great.. picture agreeable price could not pleased.,electronics
5.0,Jeremy,2025-12-09,nan,"love everything little projector get great image. Good quality, small compact. thing like speaker. speaker not good quality. Bad speaker?",electronics
1.0,Salvador,2025-12-06,Nope,receive replacement not work remote come Nothing connect port Home Screen. 3 button work projectors.,electronics
3.0,lizzette,2025-12-27,wish better sound quality,"easy setup picture quality projector top tier. However, sound quality knock 2 star review. end return even bluetooth speaker, lack sound quality wasnt worth",electronics
4.0,Clayton,2025-10-21,nan,"love everything projector except remote controller, remote work instantly every time, sometimes hit button multiple time want",electronics
1.0,JS,2025-12-29,Not good,"disappoint projector. shut every 20–25 minutes, can't watch anything continuously. remote also unresponsive hard use. Worst purchase made—definitely not worth money. Not recommend",electronics
1.0,August,2025-11-04,Not worth hassle.,picture blue shadow dark. remote slow response nearly unusable. fan run time plug get hot.,electronics
1.0,Christopher,2025-11-24,nan,WAKE AMERICA…. Scam year Walmart tell $400 ballpark projector get incredible Black Friday deal… not $41 sale $41 everywhere time fake product price ….scam,electronics
5.0,Johnelle,2026-01-28,happy time!,not tech savvy say super easy set really quality awesome %26 already speaker pair external speaker. glad get,electronics
5.0,anonymous,2026-02-21,nan,"Works perfectly, screen mirror work well. Able connect Bluetooth devices easily. Great students want presentations wake good light dark environments",electronics
5.0,Mark,2026-02-28,nan,"great price, take chance. WOW. Super easy use better picture expected. use outside backyard camping.",electronics
4.0,rebecca,2026-02-27,nan,great price. Everything look great fairly easy use. remote control frustrate part. slow half time work. look new remote..,electronics
4.0,anonymous,2025-08-03,"Good, could better","image quality really good, system include apps pre installed, use Play Store download others. reason not give higher review sound quality: integrate speaker bad, audio output level really low, even connect AUX use Bluetooth. Otherwise, nice deal!",electronics
5.0,Jacqueline,2025-08-08,AMAZING,"absolutely love projector. look like watch actual TV. That's good quality TV fanatic say look like TV quality, baby, best believe excite grandkids come watch movie entire wall. really y'all big one one.",electronics
2.0,Justaquickone,2025-09-02,Can't watch AppleTV,"Apple TV App Store, can't watch Apple TV movies, even screen mirror HDMI Apple Hard cod Apple TV cannot stream cord mirroring. able mirror screen laptop phone right movie start play show black. Also, screen definitely look like 720 P resolution lower. Power cord 3 feet long difficult situate correctly room. use normal USB charger, odd three prong charger fit appliance house. instructions say charge not chargeable model.",electronics
5.0,KIMBERLY,2025-07-26,Good picture quality,"picture quality advertised, good. remote hard use dark cannot see button attribute operator knowledge - soon know button good go without fumble around. Compared larger projector little system hand much better quality - mention picture quality 'VERY GOOD!"" little texture wall ceiling; picture still really good. Looking forward take camp grandchildren.",electronics
3.0,anonymous,2025-08-28,No Remote!,"initially impress projector arrive time. plug image quality outstanding. However, projector ship without remote, make setup impossible. incredibly disappointing, especially give otherwise excellent product.",electronics
1.0,Nathan,2024-11-03,"Horrible product, not even 240p",blurry unable adjust settings. Terrible product,electronics
1.0,Logan,2025-09-15,bust not even two weeks,no longer connect wifi bluetooth function allow mirror phone anything else sit hunk garbage worth maybe $30 worked),electronics
5.0,Paulina,2025-09-20,awesome little projector,"really good purchase movie nights kids..simple use, plug play... project unto ceiling, grab pillows, blanket snuggle watch. love purchase!!",electronics
2.0,Robert,2025-10-14,Nice price not equal feasible.,"device extremely hot 2 hours, could not use long-term viewing. Even fan place displaying, still extremely hot, fear fire hazard, leave and/or unmonitored.",electronics
5.0,Sathiyachalam,2025-07-13,Great little projector perfect kids!,"buy mini projector kids' bedroom really impressed. picture quality sharp colorful, especially dim room. small, quiet, super easy set up—just plug ready go. built-in speaker good enough room, sometimes connect Bluetooth speaker louder sound. kid love watch cartoon movies wall—it feel like mini theater! price, great value. work better expect make bedtime fun. Highly recommend look affordable fun projector kids.",electronics
1.0,John,2025-04-01,nan,Worked great week. Picture quality look like 720p. Not big problem HDMI stop connecting. use Netflix app build work great first time. able watch entire movie. shut completely 15-20 Minutes.,electronics
1.0,Sandra,2025-06-09,not connect cell,"NOT BUY UNLESS PLAN USE FIRE STICK %26 BLUETOOTH SPEAKER! google Pixel cell phone not cast anything projector! follow instructions try many different ways bluetooth wifi different apps not connect use phone. get projector connect wifi fine try log youtube account youtube app come projector. watch regular youtube videos way not open movie rent purchase youtube(google). Luckily spare firestick plug projector allow watch movies youtube stream services. Thankfully projector connect bluetooth speaker. projector speaker pretty quiet sound quality really horrible. quality picture decent, not amazing, expect price. not try connect HDMI laptop may work well.",electronics
1.0,anonymous,2025-05-26,nan,"Main reason purchase able use iPhone. Instructions state Mirror iPhone screen not work. able eventually download Prime watch movies, extreme let feature buy not work cannot contact company.",electronics
5.0,Clyde,2025-04-20,Amazing little projector!,"get sale watch occasionally kids. replace main projector, amaze good looks, especially consider price! clear! even visible ambient light. projector size %26 price, can't go wrong!",electronics
2.0,ISSS,2026-02-13,nan,hard use connect apps. screen keep default use certain selection annoying.,electronics
5.0,Felicia,2025-11-30,nan,good picture price thing recommend pair speaker sound bar full effect.,electronics
1.0,Buford,2025-12-02,nan,"not buy hard adjust, there's no 4k look worse phone glitch",electronics
5.0,Kirstan,2025-12-04,nan,Great projector price. picture not bright expected. not complaint fact. love,electronics
4.0,Nate,2025-12-01,1080 projector ceiling bedroom,like much. gonna order two good idea watch movies ceiling sleeping.,electronics
4.0,Brian,2026-01-04,nan,Great buy! downside dust build internal lens no possible access Well worth purchase.,electronics
5.0,Teresa,2025-11-26,nan,"good quality, excite use Christmas gift white Santa gift exchange game.",electronics
5.0,Itzel,2025-11-25,nan,"Great quality. downfall yet, im not able screen mirror iphone, still not figure",electronics
4.0,Quinn,2025-11-21,Projector 4k,no issue past weeks keystone internet work completely par!,electronics
1.0,Joshua,2025-11-21,nan,"projector feel cheap, quality display incredibly dim, loud ams heat fast, power cord horrible design.",electronics
1.0,Dongjae,2026-01-25,Battery break item arrive,"Battery broken. get charged, work without charger plug charger unplugged, turn immediately.",electronics
1.0,Lisandro,2026-01-29,Buy risk,Super pixeled images. Looks horrible bad quality. Super expensive type projector,electronics
3.0,jose,2025-11-12,nan,"want use fro game know imput delay, look 720p far image get blurry",electronics
4.0,Frugalme,2025-11-13,Great price,love wish volume higher. project wall amazing.,electronics
5.0,zachary,2026-01-01,nan,love use master bedroom would put basement move furniture around.,electronics
3.0,Nick,2026-01-03,nan,picture quality expect projector. fan quite loud though able get airplay work.,electronics
5.0,jpcoors,2026-01-22,nan,work good little bite loud fan get bright light little container not bad,electronics
5.0,Art,2025-12-20,great product,"Love picture, sound small whis expect also hook speaker Bluetooth.",electronics
5.0,Walmart customer,2025-12-19,nan,good price pay $40 dollars. work best screen mirror. run apps product self super laggy.,electronics
1.0,Brant,2025-12-23,cool work,projector not come remote manual unbranded there's no button projector navigate screen apps,electronics
5.0,Tari,2025-12-24,nan,really neat projector. connect WiFi download apps like Netflix Disney plus. incredible value cost.,electronics
5.0,J,2025-12-11,nan,display size good. download apps use Bluetooth pain old feller like,electronics
1.0,Amanda,2025-12-08,son almost get cut? NOT OK,"GIFT 14 year old son, open already open also home make blade",electronics
1.0,Jodi,2025-12-06,False advertise,item not advertise project picture galaxy. not project movies videos.,electronics
1.0,Brandy,2025-11-24,waste money,"way sold, not independent join WiFi self, remote work run hot less 15minutes.",electronics
5.0,WalmartCustomer,2025-09-25,nan,never buy mattress online sure would arrive. roll tube pack way could move box easy remove package clear instructions unwrap mattress let reach full state.,furniture
5.0,anonymous,2025-08-12,Better expect,"look something affordable cheap mattress child's room. Delivered day early, spring mattress, take two days foam part fully decompress pack inside box. little intimidated, no hassle, easy unbox pretty comfy snuggle",furniture
5.0,WalmartCustomer,2025-05-25,nan,thing would recommend Walmart use another service OnTrac delivery. Waited day delivery deliver 7:30 PM.,furniture
5.0,James,2025-08-14,nan,absolutely love bed. would recommend anyone Arthritis stenosis lumbar cervical suffer tremendously. normally sleep recliner order bed. move new apartment. Put together love tell everyone know need bed. Thank much provide,furniture
3.0,Janiqua,2025-08-25,nan,"not sure correct size. inflate quickly take box. not sure whether not suppose take plastic requirement full inflation, leave fine. Also not sure long allow inflate, see instructions. consider return suppose give couple hours truly decide. mattress feel firm, decent. soon tell… update post soon!",furniture
1.0,Terrance,2025-09-27,"cause chemical burns, can't hole seam","open vacuum seal hole bottom side close stitch corner. figure sheet would cover daughter sleep bed end horrible rash. doctor say chemical burn. assume maybe skin, shes sensitive. trade brand new mattress brothers use one. neither end rash next morning, except face. eye swell shut.Walmart refund without send back, no problem health hazard us point, come vacuum sealed, suppose return mattress no vehicle offer leave outside ship drivers come it.I live suburb HOA would never allow place mattress porch 24-48 hours. go end toss definitely get younger ones!",furniture
1.0,Kristen,2025-09-18,World's WORST mattress,"Bought son‘s twin bed. buy Batmobile bedframe, bed would floor. second put pound pressure mattress flatten ground. feel every single spring. Except springs, outer layer not sure there's substance mattress. NOT BUY SAVE MONEY.",furniture
1.0,Lucretia,2025-07-22,nan,Bought smash mom end put upstairs storage could feel spring place soon sit not thick. feel every metal spring sit lay uncomfortable no support whatsoever. Maybe that's cheap.,furniture
1.0,Javier,2025-12-08,AWFUL CUSTOMER SERVICE,"Walmart's service AWFUL. mattress extraordinarily uncomfortable, try return Walmart cancel return pickup 5 times. Last time tried, tell pick never available want return, need drop product Extremely unproffessional behaviour.",furniture
1.0,Chlorinefree,2025-12-09,Mattress okay child,"buy ""emergency"" twin mattress guest would ruin pricey, Serta medium-firm, bed (due heavy smoker). quickly order budget mattress $100.00. no intention saving/keeping mattress guest left, would smell cigarette smoke. said, mattress definitely design child. Anyone weigh 100 Lbs. feel spring sleep uncomfortably. Unless purchase child--spend bite get better mattress. Thank read review.",furniture
1.0,Jonathan,2025-11-28,nan,"two mattresses uncomfortable return local store per specific email instructions Walmart.com, Walmart refuse refund. Multiple call promise resolve multiple store visits, no resolution. Store claim no way communicate anyone corporate higher level able reach call center. Incredibly frustrate unprofessional customer service experience. not renew Walmart membership shop Walmart",furniture
5.0,Jazmin,2025-12-27,nan,Maybe bc adults naturally heavier not like mattress. get two kiddos not even 50 lbs. complain lay one felt hand almost rip That's “thin” felt.,furniture
5.0,Andrea,2025-10-13,Mattress,bed comfortable. daughter love sleep lot better bed. product definitely worth money reasonable price. mattress comfortable opinion would recommend buy this.L bed comfortable. daughter love sleep lot better bed. product definitely worth money reasonable price. mattress comfortable opinion would recommend buy highly satisfy purchase! highly satisfy purchase!,furniture
1.0,Bill,2025-12-29,damage and/defective. throw 2 days.,"always try write positive review. coils/springs go different directions damaged. sleep uncomfortable really like Zinus brand use Zinus mattresses nearly decade. Unfortunately, toss within couple days. take huge loss one.",furniture
1.0,anonymous,2025-08-19,mattress lack support,"buy son's dorm. mattress good price, lack support back. mattress sink soon sit around 100 pounds. would like return request take store repack free pick not possible us repack mattress come tightly bundle roll spread full size open package. stick one need think dispose",furniture
1.0,Monica,2025-08-22,nan,excite guess match think better one buy home plus years ago. actually glad throw away home plus mattresses. mattress not work let granddaughter much younger smaller person tell grandma feel spring mattress. not go good mattress guess get pay around $100 get less value $100 mattress.,furniture
1.0,Chelsea,2026-01-20,Stop get pay DONT BUY,Terrible mattress. Super thin little no support. feel inner spring fabric. Less 100 lbs literally hit box spring sit replace not 5 months later. Fine display not waste money.,furniture
4.0,Lakeisha,2026-02-01,nan,"take longer expected. keep reschedule delivery days, throw assembly schedule still get work yet keep bring one person, tell two needed, reschedule inconvenience.",furniture
3.0,hunt16,2026-02-02,misteak.,2nd one purchase displeased. think problem bed mattress 'broke down' edge weeks give back problems. break set swing legs bed.,furniture
1.0,Nitejezter,2025-09-11,Could Worse!,price ok! options idea firmness comfort forget top layer may well paper. Yup thin! feel pics) See every spring!... hear know....helps sleeping...! Advice: Spend buck get something better. Zinus really drop ball last yrs. ☹️Shame!,furniture
2.0,Susan,2026-01-01,nan,mattress look nice picture disappoint real life. Looks feel cheap uncomfortable. definitely feel springs. basically oversized crib mattress fully fit bed frame. disappoint saw,furniture
1.0,Mary,2026-02-24,Not satisfy purchase,"Mattress arrive roll box. unpack let lay bed foundation 3 nights directed. Mattress completely collapes set Not med-firm stated. not meet weight described. bad purchase make, however sleep nothing else sleep Therefore keep get another.",furniture
5.0,SCRAPBOOKINGVLCS,2026-03-04,TWIN FIRM 8 INCH MATTRESS,MATTRESS COMES COMPRESSED.......... TAKE 48-72 HOURS DECOMPRESS........... BECAREFUL OPEN CARTOON NOT DAMAGE MATTRESS............ PLUMPS REALLY NICE SAID DONE............ NICE FIRM GEL PAD MATERIAL FULL NIGHTS SLEEP............ EASY SET-UP...... STAND BACK SAY KNOW KUNG FU.............. HEHEHEHE HIGHLY RECOMMEND................,furniture
5.0,Jade,2026-01-02,Worth every penny!,purchase mattress toddler's bunk bed %26 comfortable! little nervous due review worth every penny. super easy set take box %26 let lay flat take shape. comfortable even sleep mattress misled. second guess purchase comfort %26 sturdiness good price.,furniture
2.0,Joan,2026-03-03,Okay short term use,"buy mattress 6-month stay temporary address. ""camping not intend keep mattress 6 months. temporary mattress, okay, would not recommend ongoing use. soft, feel spring move sleep positions.",furniture
2.0,Jenny,2026-03-06,Mehh,Got son's floor bed. Not sure use sleep memory foam mattresses top layer thin feel every single spring. fit bed frame perfectly like height toddler son sleep fine adult get anyone 100lbs. Maybe separately topper would help.,furniture
1.0,Surbhi,2025-06-14,Walmart refund nightmare,"Two months ago, request refund Walmart, still receive customer service experience frustrate - pass blame around, despite call multiple times, tell request escalate claimed. Buyer beware: Walmart's refund process nightmare. Avoid order",furniture
1.0,Christopher,2025-06-24,not buy,Even let sit 38 hours significantly deformed. One side completely collapse put pressure whole mattress wave Terrible product. Buying mattresses online already skeptical products like exactly,furniture
1.0,WalmartCustomer,2025-03-23,nan,"uncomfortable, take long ship, not worth money, coil felt top mattress %26 fit twin XL bed frame l purchase competitor Walmart since find single bed frame daughter %26 want deliver next day. can't return take vacuum seal take loss purchase another mattress somewhere else. Thanks nothing Walmart",furniture
3.0,Dee,2025-06-19,need inexpensive mattress,"inexpensive expect like high end mattress. firm jiggly. sleep partner, movement shake movement shake get 8 inch mattress 4 inch foam topper. also expect last 10 years. might great guest room though.",furniture
1.0,Emma,2025-06-22,waste time,Worst mattress ever. Bought 6 inch mattress put daybed. spring terrible felt like awful air mattress soon someone else sit No pad whatsoever. transport bring Walmart store return. not waste time mattress.,furniture
5.0,Carrie,2025-06-27,good mattress,"Extremely comfortable - sleep one 14 years get another day bed guest room. Comes roll box, vacuum packed, cute warn card not careful open package, explode go slow.",furniture
1.0,Elias,2025-08-31,Flattens quickly,"take mattress box, pleased. Within weeks flatten permanently center. like one inch foam pad",furniture
1.0,hmandgprty4u,2025-09-13,nan,Every movement felt inner springs. buy mattresses topper. know would purchase different one. would not recommend mattress.,furniture
1.0,Pattie,2025-09-25,nan,***BED BUG WARNING receive 2 items Wal-Mart Warehouse Bed Bugs Wal-Mart refuse help spend $100s get rid BEDBUGS ZERO rcompensation. NOT BUY BEDDING ITEMS SHIPPED WAL-MART WAREHOUSE,furniture
1.0,Raza,2025-11-07,NOT RETURNABLE!!!!,"mattress NOT RETURNABLE despite walmarts website sayin returnable. receive used, damage mattress. Walmart refund get back box that's impossible.",furniture
1.0,candice,2025-11-21,nan,"mattress no comfort feel spring back, hips, etc. never buy another mattress mattress topper Walmart",furniture
3.0,anonymous,2025-10-13,nan,mattess different…If u get marker stain hard clean try clean marker stain baby cousin put bed leave yellow color stain bed go away.,furniture
5.0,timothy,2025-07-21,nan,"buy 2 kids. product work great, especially price. buy 2 ruined. Im sure ill get good years first tho.",furniture
1.0,Ann,2025-11-22,nan,"thin little support. Springs push right material. seven year old lay minute, instantly go flat complain poke",furniture
5.0,Charity,2025-09-13,nice,like size bigger think would nice fit little cousin room.She say comfortable.,furniture
5.0,Everie,2025-09-30,Worth Great $60 buy!!,"Not cheap flimsy! Great buy, beautiful look, comfortable. temporary situation need twin size bed. really help lower back, feel great get back track!! Not bad $60",furniture
5.0,stephanie,2025-11-02,nan,bed ready take box children like bunkbeds good value money elsewhere $15 $20 plus ship free items bed box easy box heavy thou.,furniture
3.0,Melanie,2025-11-04,nan,"get go mattress. know would not want mattress lay thin, probably feel springs. inexpensive, tho, not worth Spend bite something actually sleep",furniture
5.0,Trudeau,2025-12-02,Great mattress price,"Bought grandchildren new bunk bed Grammy Papa's house. love sleep well ready come back. pop open box easily, full size day.",furniture
5.0,Beth,2025-11-01,Wrap,"matress comfortable. problem unwrap instructions wrap inside. completely unwrap get unwrap instructions. funny, though.",furniture
1.0,Luz,2025-07-30,nan,matress flimsy bad back sink deep 5 year old replace immediately not recommend especially adult,furniture
5.0,anonymous,2025-08-21,"Easy, quick, good quality","easy unroll set able put bed almost immediately. smell bad, may want spray make homey",furniture
3.0,Joe,2026-02-06,Thin good kid,"fine mattress price thin. Good little kid need upgrade couple years. quality good, go thicker.",furniture
3.0,anonymous,2025-08-11,Uncomfortable,mattress feel dainty unsupportive. son say feel inside bed. probably buy matt topper comfortable use better.,furniture
5.0,Nikki,2025-09-10,Great kid,get grandkids' bunkbeds. great kid lighter-weight adults weigh 140lbs. far great value kids.,furniture
1.0,Artlvr64,2026-01-04,"manufacturer packaging, not good","Not pack good pucture inpact easily damage mattress, mine come can't get store, order online, not worth aggravation deal new mattress mess",furniture
3.0,Louise,2025-09-10,nan,person buy say feel springs. weigh hundred pounds. sleep recliner instead. advice waste money,furniture
5.0,Carolyn,2025-09-08,nan,"Finally good firm supportive mattress. First descent sleep long time. Amazing come shrink wrapped, snap right full size. Better expected. Thank",furniture
1.0,Johnny,2026-02-20,nan,open box remove mattress put floor cut plastic could expand. let set 48 hours still not totally expanded. get 6 inch expand 4 1/2 inches.,furniture
1.0,Brenda,2025-11-01,WORST MATTRESS EVER!!!,buy mattress grandson thin feel spring definitely would not ever buy recommend anyone either!!!,furniture
5.0,Jarrett,2025-09-21,love Recommended friends.,"mattress, best sleep ages. Thanks! price affordable, great. One friends want mattress",furniture
5.0,Walmart customer,2025-10-06,"Good support, good value",mattress surprisingly supportive comfortable. use bunk bed platform. Given no box spring like innersprings support.,furniture
5.0,WalmartCustomer,2025-06-05,nan,"twin Mattress arrive well packaged, concern. glad mattress fit perfectly go Walmart buy fit sheet next day. save money boot. Thanks Walmart.",furniture
5.0,Sharon,2025-11-29,nan,worst mattress ever sleep mattress thin never completely fill out.material loose mattress. mattress much movement. itwas worst. purchase another mattress waist money.,furniture
1.0,Niloofar,2026-02-01,Not firm say description,Not firm medium soft return return process smooth no hassle. Thanks Walmart great customer service,furniture
5.0,Tasha,2026-02-04,"zinus xl 6"" twin spring mattress",amaze price really good quality stitch around mattress do double stitching. feel like heavier person purchase mattress pad well extra padding.,furniture
5.0,Brittany,2025-09-14,Mattress,get daughter floor bed comfy would wait 2 maybe 3 days lay make sure completely fill like need nice mattress,furniture
1.0,Walmart customer,2025-09-13,NOT BUY EVER,"deeply disappoint purchase. mattress unusable, spring literally keep poke back back issue not get value money spent.h",furniture
1.0,jessica,2025-07-18,terrible no support,worst bed ive ever purchased. get toddler even couldnt sleep feel every single spring. set floor soon lay touch ground. zero support,furniture
1.0,martin,2025-05-02,nan,"Worst Experience Ever. incompetence Walmart employees mind boggling. Walmart choose no responsibility lose merchandise even advise walk around neighborhood see could find deliver wrong address?? illegal crime California. can't go onto someone else's property without permission take items think Walmart even website okay without consent, guess take responsibility neighbor believe porch pirate protect believe right. No wonder Walmart many open lawsuits company. care safety efficacy customers. Please post although nothing change",furniture
5.0,Karen,2025-04-18,Zinus Forever,"Imagine delight discover Walmart carry Zinus mattresses unbelievably low price point. DV victim turn thriver, first mattress life urinate alcoholic. best sleep ever also two dog two cat well. Highly recommend Zinus 10/10",furniture
1.0,Bethany,2025-06-25,feel spring,"feel spring mattress lay Bought 4 year old care, not comfortable normal size adults.",furniture
5.0,Shay,2025-06-21,Great Bang Buck.,"order mattress daughter. arrive timely manner advertised. recover well ""boxed"" say comfortable. Well worth money.",furniture
5.0,WalmartCustomer,2025-01-04,nan,"Mattresses lightweight, sturdy. easy unpack handle. sleep two nights comfortable. Great easy sleep arrangement kid small spaces.",furniture
3.0,WalmartCustomer,2025-01-11,nan,"soft, seem good quality, use bed trundle bed, use times, child, adult sleep well",furniture
4.0,WalmartCustomer,2024-10-08,nan,"still not receive package. delay two days big mattress, know things could happen along way. need mattress first delivery time need important, along twin mattress order together expect arrive day.",furniture
2.0,SG84,2025-01-29,awesome product 3rd party delivery service sucks!,"item perfect want however Walmart use Lasership 3rd party delivery service suck! Package deliver yesterday afternoon today finally find deliver wrong address, isnt 1st time happened. plan stop order Walmart find another delivery service.. not waste time gas track package...",furniture
3.0,Marie,2025-03-08,mattress good delivery terrible,mattress good delivery suppose come Friday (fed-ex) get Sunday need cause 84 yr old dad move Friday no mattress bed 2 days much problem try sleep couch,furniture
1.0,DontBuy,2025-03-05,Desperate Attention Zinus?,sell mattresss false. accidently report review apologies... Somehow see joke someone sit back laugh dumb folks fell Jokes world favor please dont waste time.,furniture
1.0,Jude,2025-02-06,nan,lot big talk amaze product company better sleep air mattress honestly probably better use dog bed large dog lol use camp mattress trailer back truck suv save buy better mattress honestly,furniture
1.0,Faelicia,2025-03-10,nan,3 inches! Not six! feel spring hand. good enough mattress topper another $50… get actual 6” firm sinus mattress Amazon 5 months ago $20 NICE! regret buy realize til arrive buy last time! mean nice one get Amazon! mattress fold easily. sit edge spring flatten nothing! like firm mattress!,furniture
1.0,Kelley,2025-02-09,nan,mattress not suppose quality ridiculously horrible. barely 4 inch tall. come roll box dirty. feel spring sides. Walmart not continue sell product. Inferior even describe quality product.,furniture
2.0,Walmart customer,2025-03-05,,okay maybe little child however purchase 2 daybed trundle. hear spring sit feel pop second. worth $70.00 best $40. definitely need replace near future.,furniture
1.0,DarlaA,2025-02-21,Not great,"mattress pretty uncomfortable, feel spring sit bed, feel bar bedframe, would suggest mattress topper, even know would help. lay stomach feel spring ribs.",furniture
5.0,MommyAj,2025-02-16,great,almost didnt buy read od reviews..but get anyway...pretty decent price. get 9 year old. love like picture. worth money. would buy kid get older,furniture
1.0,anonymous,2025-03-03,Terrible,mattress awful. lightly run hand across top feel every spring six year old say spring keep hurt get thick mattress topper well. Not firm either bouncy sharp. pay $40 top mattress that's still push,furniture
5.0,Zena,2024-12-23,much actually memory foam?,comfortable mattress great price. say make memory foam honestly cant feel tell within mattress much memory foam really Memory form distinctive feel comfort set apart normal feel mattress.,furniture
1.0,Lindsey,2024-12-19,nan,uncomfortable. make cheap literally feel spring without barely apply pressure imagine lay thick mattress topper help somewhat. even thick mattress cover; recommend,furniture
1.0,Madi,2025-01-29,overprice SCAM. Save back,"go know mattress box would thin, MAYBE 3 inch tall, lack much support, might well sleep grind blanket $15 air mattress get Walmart feel like heaven compare never think miss old dorm room mattress, boy $60 absolute piece trash. complete scam. even donate feel bad anyone sleep Maybe kid could use there's little support! tell spring definitely feel Absolutely refund worthy, thing worth half pay SERIOUSLY, stick air mattress. will fight tooth nail refund thing, no idea suppose uncomfortable. dog bed?",furniture
3.0,San,2025-10-18,Needed expense,Good value deceptive description. much springiness mattress. Not enough cushion comfort. Purchased necessity budget.,furniture
2.0,sylvia,2025-07-22,nan,"understand 6 inch uncomfortable. feel like lay floor oh, something hard.",furniture
1.0,Nancy,2025-12-14,nan,Terrible product!!! literally feel spring whole body ache poorly make bed!!!,furniture
1.0,Margaret,2025-12-15,Not recommend,feel spring mattress need purchase foam topper not comfortable,furniture
5.0,Soraya,2025-12-20,nan,"mattress really nice. little one like jump bed, like firm sleep like baby, comfortable",furniture
4.0,WalmartCustomer,2025-12-22,nan,"Like say previously, service awful. product wonderful price great, service",furniture
1.0,darmetta,2025-12-26,nan,item not look like pictures. mattress like sleep mattress jail. Absolutely trash,furniture
3.0,betty,2025-11-24,nan,"price good, firmness thickness mattress not good, serve purpose.",furniture
5.0,ashley,2025-08-20,Bed mattress,fit great area son go last good fit perfectly twin size frame,furniture
5.0,WalmartCustomer,2025-11-24,nan,need full mattress granddaughter. price affordable delivery quick. satisfied.,furniture
4.0,Lindsey,2025-10-15,nan,Not bad matterss little springy opinion. son seem mind tho.,furniture
1.0,Sierra,2026-01-05,nan,like able feel %26 hear spring every move mattress uncomfortable mattress ever lay,furniture
5.0,Doris,2025-12-01,Great Bed,"Purchased grandson Christmas, parent assemble enjoy immensely. Easy assembly great preteens.",furniture
1.0,Vikram,2025-08-05,nan,springy. Top cushion layer not good. feel like directly sleep springs. Getting back pain use bed.,furniture
1.0,Kate,2025-12-27,nan,"would not recommend mattress. Bought daughter's room awful. thin, could fold half",furniture
3.0,Kira,2025-12-30,nan,Came early morning love bot exactly like picture nice may give time gully expand,furniture
5.0,Gregory,2025-11-20,nan,"Bed come long box. somewhat physically limited, problems get set alone.",furniture
5.0,Missy0712,2025-11-22,nan,mattress comfortable value great. glad stand alone without box spring. highly recommend.,furniture
5.0,WalmartCustomer,2025-09-09,nan,product awesome. price could lower. price get lower day buy mattress dollars.,furniture
1.0,anonymous,2025-09-16,nan,"product thinner expect squeak get buy 9-year-old, say uncomfortable.",furniture
1.0,Lorena,2025-11-02,Flimsy %26 uncomfortable,"Not best quality, feel inner springs. lot heavier expected. flimsy make difficult move around.",furniture
1.0,Olivia,2025-11-05,Unsatisfied,Hurts shoulder need get mattress pad make sleep worthy. Worst mattress ever experience,furniture
5.0,Reem,2025-09-18,Get,"Perfect price. tight time need mattress fast, great need topper.",furniture
3.0,London,2025-11-13,Good kid,good price bulbs definitely make kids. would like firm buy kid love,furniture
5.0,latrece,2025-12-13,"price point, mattress deliver","purchase Zinus 6"" Basic Tight Top Bonnell Innerspring Mattress Twin size guest bedroom, solid budget-friendly option.",furniture
3.0,GERALD,2025-12-09,OK not heavy.,"not make ""grown"" adult. Would fine lightweight maybe 130lbs. Length good, not enough support.",furniture
5.0,mattie,2025-09-20,TWIN MATTRESS,"USING FOAM TOPPERS, MUCH, DECIDED TRY ONE. FAR FEELS GOOD.",furniture
3.0,Jennifer,2025-10-13,Wire bed!,want feel wire lay get bed course cheap get pay,furniture
1.0,Shirley,2025-08-01,suck,uncomfortable bed suck could get back box would return,furniture
1.0,mamad,2025-08-07,nan,"suppose 8 inch matress, exactly 7 inch thick also feel spring thin top fabric",furniture
1.0,jessica,2025-10-02,Not good quality,quality mattress not say could feel hard wire mattress not comfortable,furniture
5.0,Hadeil,2025-10-12,Best Buy ever,"comfortable, perfect size, hight quality, fast ship delivery, highly recommend l everyone",furniture
1.0,Rebeca,2026-01-15,crap,worst mattress ever sleep life husband's back's hurt hips hurt terrible around mattress,furniture
1.0,Diana,2026-01-15,feel spring,"Bought 2 year old, not like feel spring mattress.",furniture
4.0,kimberly,2026-01-12,nan,mattress not comfortable. addition buy mattress topper foam mattress. Sleeps really good additional padding.,furniture
2.0,TB,2026-01-13,Not comfortable,Springs felt mattress. May good small child not adult. foam topper recommended.,furniture
5.0,Patricia,2025-10-05,nan,Fit perfect bed frame- top. Bunk. take much fluff. fact kid get laugh. say comfy,furniture
1.0,Ozzie,2025-09-04,not buy,"Horrible, feel coil Not comfortable kid literally change uncomfortable.",furniture
5.0,WalmartCustomer,2026-02-15,nan,nice bed teenage daughter love new bed. price within budget bed,furniture
4.0,WalmartCustomer,2026-03-01,nan,son sleep need bedframes give actual rat Since bedframes never arrive can't really say.,furniture
5.0,kathy,2026-03-04,nan,spare room can't give honest opinion comfort grandkids complain,furniture
4.0,Quinn,2026-03-03,nan,"Great price, quick delivery. son love bed. comfortable liking. Easy unwrap.",furniture
1.0,Kayla,2025-11-27,nan,uncomfortable. feel springs. Bought toddlers would rather sleep bed.,furniture
